system,language,granularity,ref_grade,ref_clusters,ref_entities,axis,technique,metric,value,projection,source,tier
P-1,cpp,file,GT-diag,28,50-100,A2,dir_leaf,a2a,86.91,common-a2,a2-ablation.json,P
P-1,cpp,file,GT-diag,28,50-100,A2,dir_leaf,clusters,93.0,common-a2,a2-ablation.json,P
P-1,cpp,file,GT-diag,28,50-100,A2,dir_leaf,mojofm,90.47,common-a2,a2-ablation.json,P
P-1,cpp,file,GT-diag,28,50-100,A2,dir_top,a2a,84.28,common-a2,a2-ablation.json,P
P-1,cpp,file,GT-diag,28,50-100,A2,dir_top,clusters,5.0,common-a2,a2-ablation.json,P
P-1,cpp,file,GT-diag,28,50-100,A2,dir_top,mojofm,37.13,common-a2,a2-ablation.json,P
P-1,cpp,file,GT-diag,28,50-100,A2,edge_cc,a2a,79.08,common-a2,a2-ablation.json,P
P-1,cpp,file,GT-diag,28,50-100,A2,edge_cc,clusters,17.0,common-a2,a2-ablation.json,P
P-1,cpp,file,GT-diag,28,50-100,A2,edge_cc,mojofm,13.23,common-a2,a2-ablation.json,P
P-1,cpp,file,GT-diag,28,50-100,A2,hand_curation,a2a,100.0,common-a2,a2-ablation.json,P
P-1,cpp,file,GT-diag,28,50-100,A2,hand_curation,clusters,27.0,common-a2,a2-ablation.json,P
P-1,cpp,file,GT-diag,28,50-100,A2,hand_curation,mojofm,100.0,common-a2,a2-ablation.json,P
P-1,cpp,file,GT-diag,28,50-100,A2,none,a2a,93.72,common-a2,a2-ablation.json,P
P-1,cpp,file,GT-diag,28,50-100,A2,none,clusters,49.0,common-a2,a2-ablation.json,P
P-1,cpp,file,GT-diag,28,50-100,A2,none,mojofm,96.87,common-a2,a2-ablation.json,P
P-1,cpp,file,GT-diag,28,50-100,A2,propose_all,a2a,81.21,common-a2,a2-ablation.json,P
P-1,cpp,file,GT-diag,28,50-100,A2,propose_all,clusters,6.0,common-a2,a2-ablation.json,P
P-1,cpp,file,GT-diag,28,50-100,A2,propose_all,mojofm,24.47,common-a2,a2-ablation.json,P
P-1,cpp,file,GT-diag,28,50-100,RQ5,pipeline,identical_rate,100.0,n/a,determinism.json,P
P-1,cpp,file,GT-diag,28,50-100,RQ5,pipeline,runs,2.0,n/a,determinism.json,P
P-1,cpp,file,GT-diag,28,50-100,RQ7,pipeline,cold_s,676.7,cold-warm,perf/rq7-perf.json,P
P-1,cpp,file,GT-diag,28,50-100,RQ7,pipeline,cold_within_budget,1.0,cold-warm,perf/rq7-perf.json,P
P-1,cpp,file,GT-diag,28,50-100,RQ7,pipeline,files,1558.0,cold-warm,perf/rq7-perf.json,P
P-1,cpp,file,GT-diag,28,50-100,RQ7,pipeline,kloc,123.6,cold-warm,perf/rq7-perf.json,P
P-1,cpp,file,GT-diag,28,50-100,RQ7,pipeline,speedup,3.29,cold-warm,perf/rq7-perf.json,P
P-1,cpp,file,GT-diag,28,50-100,RQ7,pipeline,targets,52.0,cold-warm,perf/rq7-perf.json,P
P-1,cpp,file,GT-diag,28,50-100,RQ7,pipeline,warm_s,205.5,cold-warm,perf/rq7-perf.json,P
P-1,cpp,file,GT-diag,28,50-100,RQ7,pipeline,warm_within_budget,0.0,cold-warm,perf/rq7-perf.json,P
P-1,cpp,file,GT-diag,28,50-100,coverage,pipeline,abstained_targets,4.0,n/a,run-report.json,P
P-1,cpp,file,GT-diag,28,50-100,coverage,pipeline,coverage_pct_L0,1.0,n/a,run-report.json,P
P-1,cpp,file,GT-diag,28,50-100,coverage,pipeline,edges_dropped,341.0,n/a,run-report.json,P
P-1,cpp,file,GT-diag,28,50-100,coverage,pipeline,mean_confidence,0.8361,n/a,run-report.json,P
P-1,cpp,file,GT-diag,28,50-100,coverage,pipeline,unmapped_targets,0.0,n/a,run-report.json,P
P-1,cpp,file,GT-diag,28,50-100,fidelity,acdc,a2a,88.5179,all-common,comparison-file.json,P
P-1,cpp,file,GT-diag,28,50-100,fidelity,acdc,a2a,88.5179,pairwise,acdc-file/fidelity.json,P
P-1,cpp,file,GT-diag,28,50-100,fidelity,acdc,clusters,52.0,all-common,comparison-file.json,P
P-1,cpp,file,GT-diag,28,50-100,fidelity,acdc,clusters,70.0,pairwise,acdc-file/fidelity.json,P
P-1,cpp,file,GT-diag,28,50-100,fidelity,acdc,mojofm,64.68,all-common,comparison-file.json,P
P-1,cpp,file,GT-diag,28,50-100,fidelity,acdc,mojofm,64.68,pairwise,acdc-file/fidelity.json,P
P-1,cpp,file,GT-diag,28,50-100,fidelity,arc,a2a,79.5235,all-common,comparison-file.json,P
P-1,cpp,file,GT-diag,28,50-100,fidelity,arc,a2a,79.5235,pairwise,arc-file/fidelity.json,P
P-1,cpp,file,GT-diag,28,50-100,fidelity,arc,clusters,13.0,all-common,comparison-file.json,P
P-1,cpp,file,GT-diag,28,50-100,fidelity,arc,clusters,27.0,pairwise,arc-file/fidelity.json,P
P-1,cpp,file,GT-diag,28,50-100,fidelity,arc,mojofm,16.13,all-common,comparison-file.json,P
P-1,cpp,file,GT-diag,28,50-100,fidelity,arc,mojofm,16.13,pairwise,arc-file/fidelity.json,P
P-1,cpp,file,GT-diag,28,50-100,fidelity,cc,a2a,78.19,all-common,comparison-file.json,P
P-1,cpp,file,GT-diag,28,50-100,fidelity,cc,a2a,78.19,pairwise,cc-file/fidelity.json,P
P-1,cpp,file,GT-diag,28,50-100,fidelity,cc,clusters,1.0,all-common,comparison-file.json,P
P-1,cpp,file,GT-diag,28,50-100,fidelity,cc,clusters,3.0,pairwise,cc-file/fidelity.json,P
P-1,cpp,file,GT-diag,28,50-100,fidelity,cc,mojofm,12.35,all-common,comparison-file.json,P
P-1,cpp,file,GT-diag,28,50-100,fidelity,cc,mojofm,12.35,pairwise,cc-file/fidelity.json,P
P-1,cpp,file,GT-diag,28,50-100,fidelity,dir,a2a,87.3021,all-common,comparison-file.json,P
P-1,cpp,file,GT-diag,28,50-100,fidelity,dir,a2a,87.3021,pairwise,dir-file/fidelity.json,P
P-1,cpp,file,GT-diag,28,50-100,fidelity,dir,clusters,86.0,all-common,comparison-file.json,P
P-1,cpp,file,GT-diag,28,50-100,fidelity,dir,clusters,199.0,pairwise,dir-file/fidelity.json,P
P-1,cpp,file,GT-diag,28,50-100,fidelity,dir,mojofm,91.28,all-common,comparison-file.json,P
P-1,cpp,file,GT-diag,28,50-100,fidelity,dir,mojofm,91.28,pairwise,dir-file/fidelity.json,P
P-1,cpp,file,GT-diag,28,50-100,fidelity,limbo,a2a,81.2823,all-common,comparison-file.json,P
P-1,cpp,file,GT-diag,28,50-100,fidelity,limbo,a2a,81.2823,pairwise,limbo-file/fidelity.json,P
P-1,cpp,file,GT-diag,28,50-100,fidelity,limbo,clusters,18.0,all-common,comparison-file.json,P
P-1,cpp,file,GT-diag,28,50-100,fidelity,limbo,clusters,27.0,pairwise,limbo-file/fidelity.json,P
P-1,cpp,file,GT-diag,28,50-100,fidelity,limbo,mojofm,22.53,all-common,comparison-file.json,P
P-1,cpp,file,GT-diag,28,50-100,fidelity,limbo,mojofm,22.53,pairwise,limbo-file/fidelity.json,P
P-1,cpp,file,GT-diag,28,50-100,fidelity,pipeline,a2a,100.0,all-common,comparison-file.json,P
P-1,cpp,file,GT-diag,28,50-100,fidelity,pipeline,clusters,27.0,all-common,comparison-file.json,P
P-1,cpp,file,GT-diag,28,50-100,fidelity,pipeline,mojofm,100.0,all-common,comparison-file.json,P
P-1,cpp,file,GT-diag,28,50-100,fidelity,wca,a2a,78.3709,all-common,comparison-file.json,P
P-1,cpp,file,GT-diag,28,50-100,fidelity,wca,a2a,78.3709,pairwise,wca-file/fidelity.json,P
P-1,cpp,file,GT-diag,28,50-100,fidelity,wca,clusters,2.0,all-common,comparison-file.json,P
P-1,cpp,file,GT-diag,28,50-100,fidelity,wca,clusters,27.0,pairwise,wca-file/fidelity.json,P
P-1,cpp,file,GT-diag,28,50-100,fidelity,wca,mojofm,12.94,all-common,comparison-file.json,P
P-1,cpp,file,GT-diag,28,50-100,fidelity,wca,mojofm,12.94,pairwise,wca-file/fidelity.json,P
P-1,cpp,file,GT-diag,28,50-100,perf,curate,wall_clock_s,0.078,n/a,run-report.json,P
P-1,cpp,file,GT-diag,28,50-100,perf,drift,wall_clock_s,0.0,n/a,run-report.json,P
P-1,cpp,file,GT-diag,28,50-100,perf,enrich,wall_clock_s,0.016,n/a,run-report.json,P
P-1,cpp,file,GT-diag,28,50-100,perf,extract,wall_clock_s,100.812,n/a,run-report.json,P
P-1,cpp,file,GT-diag,28,50-100,perf,generate,wall_clock_s,0.078,n/a,run-report.json,P
P-1,cpp,file,GT-diag,28,50-100,perf,normalize,wall_clock_s,9.172,n/a,run-report.json,P
P-1,cpp,file,GT-diag,28,50-100,perf,validate-curated,wall_clock_s,0.125,n/a,run-report.json,P
P-1,cpp,file,GT-diag,28,50-100,perf,validate-extracted,wall_clock_s,0.297,n/a,run-report.json,P
